<?xml version="1.0" encoding="UTF-8"?>
<project-private xmlns="http://www.netbeans.org/ns/project-private/1">
    <editor-bookmarks xmlns="http://www.netbeans.org/ns/editor-bookmarks/2" lastBookmarkId="0"/>
    <open-files xmlns="http://www.netbeans.org/ns/projectui-open-files/2">
        <group>
            <file>file:/E:/Assignments/Done/CS/Algorithm/Stacks%20001/Evaluator/src/GenericStack.java</file>
            <file>file:/E:/Assignments/Done/CS/Algorithm/Stacks%20001/Evaluator/src/Evaluator.java</file>
            <file>file:/E:/Assignments/Done/CS/Algorithm/Stacks%20001/Evaluator/src/Node.java</file>
        </group>
    </open-files>
</project-private>
